"Cnt","Est","Est.km"
"Vanuatu",1006198605.32831,1006.19860532831
"Vanuatu",1006198605.32831,1006.19860532831
"Fiji",150167740861.222,150167.740861222
"Fiji",150167740861.222,150167.740861222
"Vanuatu",1006198605.32831,1006.19860532831
"Vanuatu",1006198605.32831,1006.19860532831
"Fiji",150167740861.222,150167.740861222
"Fiji",150167740861.222,150167.740861222
