"Cnt","Est","Est.km"
"Australia",229173239921.901,229173.239921901
"Australia",229173239921.901,229173.239921901
"Australia",229173239921.901,229173.239921901
"Australia",229173239921.901,229173.239921901
