"Cnt","Est","Est.km"
"Indonesia",2131298668056.57,2131298.66805657
"Indonesia",2131298668056.57,2131298.66805657
"Philippines",587287499145.928,587287.499145928
"Philippines",587287499145.928,587287.499145928
"Indonesia",2131298668056.57,2131298.66805657
"Indonesia",2131298668056.57,2131298.66805657
"Philippines",587287499145.928,587287.499145928
"Philippines",587287499145.928,587287.499145928
