"Cnt","Est","Est.km"
"Guam",149255196062.886,149255.196062886
"Japan",185996260642.826,185996.260642826
"Philippines",0,0
"Northern Mariana Islands",183671315318.541,183671.315318541
"Palau",55965574270.3356,55965.5742703356
"Micronesia",274757269327.116,274757.269327116
"Guam",149255196062.886,149255.196062886
"Japan",185996260642.826,185996.260642826
"Philippines",0,0
"Northern Mariana Islands",183671315318.541,183671.315318541
"Palau",55965574270.3356,55965.5742703356
"Micronesia",274757269327.116,274757.269327116
"Guam",149255196062.886,149255.196062886
"Japan",185996260642.826,185996.260642826
"Philippines",0,0
"Northern Mariana Islands",183671315318.541,183671.315318541
"Palau",55965574270.3356,55965.5742703356
"Micronesia",274757269327.116,274757.269327116
"Guam",149255196062.886,149255.196062886
"Japan",185996260642.826,185996.260642826
"Philippines",0,0
"Northern Mariana Islands",183671315318.541,183671.315318541
"Palau",55965574270.3356,55965.5742703356
"Micronesia",274757269327.116,274757.269327116
