"Cnt","Est","Est.km"
"Line Group",180221835593.918,180221.835593918
"French Polynesia",2201156573119.65,2201156.57311965
"Line Group",180221835593.918,180221.835593918
"French Polynesia",2201156573119.65,2201156.57311965
"Line Group",180221835593.918,180221.835593918
"French Polynesia",2201156573119.65,2201156.57311965
"Line Group",180221835593.918,180221.835593918
"French Polynesia",2201156573119.65,2201156.57311965
